sync_at,source,status,message
2026-05-01T19:32:00-04:00,manual,ok,Initial sample dataset created
2026-05-01T19:41:32-04:00,mfp:rowens794,blocked,HTTP 403; MyFitnessPal may be blocking unattended fetches
2026-05-01T19:53:38-04:00,mfp-backfill:rowens794,ok,"2025-06-01: 0 cal, P0/C0/F0"
2026-05-01T19:53:42-04:00,mfp-backfill:rowens794,ok,"2025-06-02: 0 cal, P0/C0/F0"
2026-05-01T19:53:47-04:00,mfp-backfill:rowens794,ok,"2025-06-03: 0 cal, P0/C0/F0"
2026-05-01T19:53:51-04:00,mfp-backfill:rowens794,ok,"2025-06-04: 0 cal, P0/C0/F0"
2026-05-01T19:53:57-04:00,mfp-backfill:rowens794,ok,"2025-06-05: 0 cal, P0/C0/F0"
2026-05-01T19:54:01-04:00,mfp-backfill:rowens794,ok,"2025-06-06: 0 cal, P0/C0/F0"
2026-05-01T19:54:06-04:00,mfp-backfill:rowens794,ok,"2025-06-07: 0 cal, P0/C0/F0"
2026-05-01T19:54:11-04:00,mfp-backfill:rowens794,ok,"2025-06-08: 0 cal, P0/C0/F0"
2026-05-01T19:54:15-04:00,mfp-backfill:rowens794,ok,"2025-06-09: 0 cal, P0/C0/F0"
2026-05-01T19:54:20-04:00,mfp-backfill:rowens794,ok,"2025-06-10: 0 cal, P0/C0/F0"
2026-05-01T19:54:25-04:00,mfp-backfill:rowens794,ok,"2025-06-11: 0 cal, P0/C0/F0"
2026-05-01T19:54:29-04:00,mfp-backfill:rowens794,ok,"2025-06-12: 0 cal, P0/C0/F0"
2026-05-01T19:54:34-04:00,mfp-backfill:rowens794,ok,"2025-06-13: 0 cal, P0/C0/F0"
2026-05-01T19:54:38-04:00,mfp-backfill:rowens794,ok,"2025-06-14: 0 cal, P0/C0/F0"
2026-05-01T19:54:44-04:00,mfp-backfill:rowens794,ok,"2025-06-15: 0 cal, P0/C0/F0"
2026-05-01T19:54:48-04:00,mfp-backfill:rowens794,ok,"2025-06-16: 0 cal, P0/C0/F0"
2026-05-01T19:55:09-04:00,mfp-backfill:rowens794,ok,"2026-05-01: 443 cal, P28/C58/F16"
2026-05-01T19:55:13-04:00,mfp-backfill:rowens794,ok,"2026-04-30: 1996 cal, P235/C127/F58"
2026-05-01T19:55:17-04:00,mfp-backfill:rowens794,ok,"2026-04-29: 2091 cal, P213/C94/F78"
2026-05-01T19:55:22-04:00,mfp-backfill:rowens794,ok,"2026-04-28: 2463 cal, P153/C186/F104"
2026-05-01T19:55:26-04:00,mfp-backfill:rowens794,ok,"2026-04-27: 1583 cal, P171/C124/F28"
2026-05-01T19:55:31-04:00,mfp-backfill:rowens794,ok,"2026-04-26: 2312 cal, P216/C159/F68"
2026-05-01T19:55:35-04:00,mfp-backfill:rowens794,ok,"2026-04-25: 1614 cal, P180/C111/F32"
2026-05-01T19:55:39-04:00,mfp-backfill:rowens794,ok,"2026-04-24: 2827 cal, P198/C240/F92"
2026-05-01T19:55:44-04:00,mfp-backfill:rowens794,ok,"2026-04-23: 1929 cal, P178/C162/F63"
2026-05-01T19:55:49-04:00,mfp-backfill:rowens794,ok,"2026-04-22: 2216 cal, P180/C202/F79"
2026-05-01T19:55:54-04:00,mfp-backfill:rowens794,ok,"2026-04-21: 1880 cal, P169/C151/F63"
2026-05-01T19:55:58-04:00,mfp-backfill:rowens794,ok,"2026-04-20: 1810 cal, P173/C142/F57"
2026-05-01T19:56:02-04:00,mfp-backfill:rowens794,ok,"2026-04-19: 2072 cal, P199/C90/F84"
2026-05-01T19:56:06-04:00,mfp-backfill:rowens794,ok,"2026-04-18: 1415 cal, P86/C185/F34"
2026-05-01T19:56:10-04:00,mfp-backfill:rowens794,ok,"2026-04-17: 2477 cal, P176/C224/F70"
2026-05-01T19:56:14-04:00,mfp-backfill:rowens794,ok,"2026-04-16: 1695 cal, P150/C161/F35"
2026-05-01T19:56:19-04:00,mfp-backfill:rowens794,ok,"2026-04-15: 1553 cal, P140/C143/F51"
2026-05-01T19:56:24-04:00,mfp-backfill:rowens794,ok,"2026-04-14: 1939 cal, P181/C98/F72"
2026-05-01T19:56:29-04:00,mfp-backfill:rowens794,ok,"2026-04-13: 2145 cal, P137/C164/F90"
2026-05-01T19:56:34-04:00,mfp-backfill:rowens794,ok,"2026-04-12: 2254 cal, P111/C203/F101"
2026-05-01T19:56:38-04:00,mfp-backfill:rowens794,ok,"2026-04-11: 1664 cal, P171/C71/F80"
2026-05-01T19:56:43-04:00,mfp-backfill:rowens794,ok,"2026-04-10: 926 cal, P58/C47/F56"
2026-05-01T19:56:48-04:00,mfp-backfill:rowens794,ok,"2026-04-09: 1926 cal, P131/C136/F75"
2026-05-01T19:56:52-04:00,mfp-backfill:rowens794,ok,"2026-04-08: 0 cal, P0/C0/F0"
2026-05-01T19:56:57-04:00,mfp-backfill:rowens794,ok,"2026-04-07: 2145 cal, P122/C254/F76"
2026-05-01T19:57:01-04:00,mfp-backfill:rowens794,ok,"2026-04-06: 2139 cal, P131/C220/F59"
2026-05-01T19:57:06-04:00,mfp-backfill:rowens794,ok,"2026-04-05: 0 cal, P0/C0/F0"
2026-05-01T19:57:09-04:00,mfp-backfill:rowens794,ok,"2026-04-04: 0 cal, P0/C0/F0"
2026-05-01T19:57:14-04:00,mfp-backfill:rowens794,ok,"2026-04-03: 2588 cal, P160/C125/F122"
2026-05-01T19:57:18-04:00,mfp-backfill:rowens794,ok,"2026-04-02: 2985 cal, P125/C296/F126"
2026-05-01T19:57:22-04:00,mfp-backfill:rowens794,ok,"2026-04-01: 2599 cal, P118/C282/F97"
2026-05-01T19:57:27-04:00,mfp-backfill:rowens794,ok,"2026-03-31: 1881 cal, P133/C132/F63"
2026-05-01T19:57:32-04:00,mfp-backfill:rowens794,ok,"2026-03-30: 2324 cal, P143/C243/F77"
2026-05-01T19:57:37-04:00,mfp-backfill:rowens794,ok,"2026-03-29: 0 cal, P0/C0/F0"
2026-05-01T19:57:42-04:00,mfp-backfill:rowens794,ok,"2026-03-28: 0 cal, P0/C0/F0"
2026-05-01T19:57:47-04:00,mfp-backfill:rowens794,ok,"2026-03-27: 0 cal, P0/C0/F0"
2026-05-01T19:57:52-04:00,mfp-backfill:rowens794,ok,"2026-03-26: 859 cal, P91/C62/F31"
2026-05-01T19:57:56-04:00,mfp-backfill:rowens794,ok,"2026-03-25: 2516 cal, P77/C393/F64"
2026-05-01T19:58:00-04:00,mfp-backfill:rowens794,ok,"2026-03-24: 0 cal, P0/C0/F0"
2026-05-01T19:58:04-04:00,mfp-backfill:rowens794,ok,"2026-03-23: 1653 cal, P145/C76/F72"
2026-05-01T19:58:08-04:00,mfp-backfill:rowens794,ok,"2026-03-22: 2110 cal, P81/C195/F97"
2026-05-01T19:58:12-04:00,mfp-backfill:rowens794,ok,"2026-03-21: 0 cal, P0/C0/F0"
2026-05-01T19:58:17-04:00,mfp-backfill:rowens794,ok,"2026-03-20: 0 cal, P0/C0/F0"
2026-05-01T19:58:21-04:00,mfp-backfill:rowens794,ok,"2026-03-19: 1676 cal, P100/C162/F50"
2026-05-01T19:58:26-04:00,mfp-backfill:rowens794,ok,"2026-03-18: 1634 cal, P162/C128/F48"
2026-05-01T19:58:30-04:00,mfp-backfill:rowens794,ok,"2026-03-17: 2435 cal, P135/C147/F114"
2026-05-01T19:58:36-04:00,mfp-backfill:rowens794,ok,"2026-03-16: 1686 cal, P106/C85/F78"
2026-05-01T19:58:40-04:00,mfp-backfill:rowens794,ok,"2026-03-15: 0 cal, P0/C0/F0"
2026-05-01T19:58:45-04:00,mfp-backfill:rowens794,ok,"2026-03-14: 0 cal, P0/C0/F0"
2026-05-01T19:58:50-04:00,mfp-backfill:rowens794,ok,"2026-03-13: 0 cal, P0/C0/F0"
2026-05-01T19:58:55-04:00,mfp-backfill:rowens794,ok,"2026-03-12: 0 cal, P0/C0/F0"
2026-05-01T19:59:00-04:00,mfp-backfill:rowens794,ok,"2026-03-11: 2210 cal, P155/C219/F54"
2026-05-01T19:59:04-04:00,mfp-backfill:rowens794,ok,"2026-03-10: 2201 cal, P77/C167/F99"
2026-05-01T19:59:09-04:00,mfp-backfill:rowens794,ok,"2026-03-09: 2820 cal, P161/C189/F135"
2026-05-01T19:59:14-04:00,mfp-backfill:rowens794,ok,"2026-03-08: 1590 cal, P136/C89/F79"
2026-05-01T19:59:19-04:00,mfp-backfill:rowens794,ok,"2026-03-07: 2929 cal, P158/C228/F98"
2026-05-01T19:59:24-04:00,mfp-backfill:rowens794,ok,"2026-03-06: 1633 cal, P59/C150/F66"
2026-05-01T19:59:29-04:00,mfp-backfill:rowens794,ok,"2026-03-05: 2415 cal, P132/C256/F78"
2026-05-01T19:59:33-04:00,mfp-backfill:rowens794,ok,"2026-03-04: 2186 cal, P143/C177/F82"
2026-05-01T19:59:36-04:00,mfp-backfill:rowens794,ok,"2026-03-03: 2209 cal, P131/C211/F77"
2026-05-01T19:59:41-04:00,mfp-backfill:rowens794,ok,"2026-03-02: 2227 cal, P102/C224/F85"
2026-05-01T19:59:46-04:00,mfp-backfill:rowens794,ok,"2026-03-01: 1654 cal, P124/C129/F54"
2026-05-01T19:59:51-04:00,mfp-backfill:rowens794,ok,"2026-02-28: 2178 cal, P147/C119/F90"
2026-05-01T19:59:55-04:00,mfp-backfill:rowens794,ok,"2026-02-27: 1365 cal, P70/C121/F63"
2026-05-01T19:59:59-04:00,mfp-backfill:rowens794,ok,"2026-02-26: 2978 cal, P129/C303/F74"
2026-05-01T20:00:04-04:00,mfp-backfill:rowens794,ok,"2026-02-25: 2406 cal, P132/C190/F99"
2026-05-01T20:00:08-04:00,mfp-backfill:rowens794,ok,"2026-02-24: 2820 cal, P125/C218/F140"
2026-05-01T20:00:12-04:00,mfp-backfill:rowens794,ok,"2026-02-23: 1917 cal, P138/C106/F96"
2026-05-01T20:00:17-04:00,mfp-backfill:rowens794,ok,"2026-02-22: 1865 cal, P145/C75/F88"
2026-05-01T20:00:20-04:00,garmin:steps,error,2026-05-01: Could not fetch Garmin steps for 2026-05-01: {}
2026-05-01T20:00:21-04:00,mfp-backfill:rowens794,ok,"2026-02-21: 1651 cal, P97/C138/F60"
2026-05-01T20:00:25-04:00,mfp-backfill:rowens794,ok,"2026-02-20: 2762 cal, P108/C289/F100"
2026-05-01T20:00:30-04:00,mfp-backfill:rowens794,ok,"2026-02-19: 2086 cal, P175/C92/F90"
2026-05-01T20:00:35-04:00,mfp-backfill:rowens794,ok,"2026-02-18: 2146 cal, P129/C196/F81"
2026-05-01T20:00:39-04:00,mfp-backfill:rowens794,ok,"2026-02-17: 1849 cal, P76/C207/F75"
2026-05-01T20:00:43-04:00,mfp-backfill:rowens794,ok,"2026-02-16: 2343 cal, P155/C198/F97"
2026-05-01T20:00:47-04:00,mfp-backfill:rowens794,ok,"2026-02-15: 2296 cal, P131/C175/F103"
2026-05-01T20:00:48-04:00,garmin:steps,error,"2026-05-01: Could not fetch Garmin steps for 2026-05-01: {'error': 'No steps field found', 'results': [{'path': '/usersummary-service/usersummary/daily/2026-05-01', 'status': 404, 'text': '<!DOCTYPE html><html lang=""en""> <head><meta charset=""utf-8""><title>Garmin Connect | 404</title><meta property=""og:title"" content=""Garmin Connect | 404""><meta name=""viewport"" content=""width=device-width, initial-scale=1""><meta name=""robots"" content=""index,follow""><meta name=""revisit-after"" content=""15 days""><meta name=""author"" content=""Garmin International""><link rel=""shortcut icon"" href=""https://static.garmincdn.com/favicon.ico""><!-- FB / OG Specific Tags --><meta property=""fb:app_id"" content=""169380733077633""><meta property=""og:type"" content=""website""><meta property=""og:site_name"" content=""Garmin Connect""><meta property=""og:image"" content=""http://static.garmincdn.com/com.garmin.connect/content/images/garmin-connect-fb3.gif""><!-- Twitter Tags --><meta name=""twitter:card"" content=""summary""><meta name=""twitter:site"" content=""@GarminFitness""><script type=""module"" src=""/_astro/headLayout.astro_astro_type_script_index_0_lang.COveyDf3.js""></script><style>._1hcs9nz0{margin:150px 0 0 17%;display:flex;flex-direction:column;justify-content:center;width:65%;align-items:center}._1hcs9nz0 h1{font-size:4em;text-align:center;line-height:40px}._1hcs9nz0 h2{font-size:1.5em;font-weight:400;text-align:center;line-height:30px}._1hcs9nz1{margin-bottom:15px}@media screen and (min-width:767px){._1hcs9nz0{margin:50px 0 0 5%;width:90%}}@media screen and (max-width:767px){._1hcs9nz0 h1{font-size:2em}._1hcs9nz0 h2{font-size:1.1em}}\n</style>\n<link rel=""stylesheet"" href=""/_astro/invite-signin.Bu6ZOF1W.css"">\n<link rel=""stylesheet"" href=""/_astro/account-sharing.C48D-yHT.css"">\n<style>._1omhclk0{background:none;margin:0;cursor:pointer;border-radius:4px;border:none;transition:background-color .2s;&[disabled]{box-shadow:none;cursor:not-allowed;pointer-events:none;opacity:.5}}._1omhclk0:focus{outline:none;box-shadow:0 0 0 2px #fff,0 0 0 4px #1976d2}._1omhclk1{background-color:#1976d2;color:#fff}._1omhclk1:focus{background-color:#1976d2}._1omhclk1:hover{background-color:#1265c2}._1omhclk1:active{background-color:#0a59b2}._1omhclk2{background-color:#6c6c6c;color:#fff}._1omhclk2:focus{background-color:#6c6c6c}._1omhclk2:hover{background-color:#515151}._1omhclk2:active{background-color:#3b3b3b}._1omhclk3{background-color:undefined;color:#fff}._1omhclk3:focus{background-color:undefined}._1omhclk3:hover,._1omhclk3:active{background-color:undefined}._1omhclk4{background-color:#fff;color:#000}._1omhclk4:focus{background-color:#fff}._1omhclk4:hover{background-color:#f4f4f4}._1omhclk4:active{background-color:#e4e4e4}._1omhclk5{font-size:11px;padding:0 12px;height:22px}._1omhclk6{height:44px;padding:0 25px;font-size:16px}._1omhclk7{height:33px;padding:0 20px;font-size:14px}._1omhclk8{box-shadow:none;cursor:not-allowed;pointer-events:none;opacity:.5}\n</style>\n<link rel=""stylesheet"" href=""/_astro/menstrual-cycle-tracking.DctgKWJm.css""></head> <body>  <style>astro-island,astro-slot,astro-static-slot{display:contents}</style><script>(()=>{var e=async t=>{await(await t())()};(self.Astro||(self.Astro={})).load=e;window.dispatchEvent(new Event(""astro:load""));})();</script><script>(()=>{var A=Object.defineProperty;var g=(i,o,a)=>o in i?A(i,o,{enumerable:!0,configurable:!0,writable:!0,value:a}):i[o]=a;var d=(i,o,a)=>g(i,typeof o!=""symbol""?o+"""":o,a);{let i={0:t=>m(t),1:t=>a(t),2:t=>new RegExp(t),3:t=>new Date(t),4:t=>new Map(a(t)),5:t=>new Set(a(t)),6:t=>BigInt(t),7:t=>new URL(t),8:t=>new Uint8Array(t),9:t=>new Uint16Array(t),10:t=>new Uint32Array(t),11:t=>1/0*t},o=t=>{let[l,e]=t;return l in i?i[l](e):void 0},a=t=>t.map(o),m=t=>typeof t!=""object""||t===null?t:Object.fromEntries(Object.entries(t).map(([l,e])=>[l,o(e)]));class y extends HTMLElement{constructor(){super(...arguments);d(this,""Component"");d(this,""hydrator"");d(this,""hydrate"",async()=>{var b;if(!this.hydrator||!this.isConnected)return;let e=(b=this.parentElement)==null?void 0:b.closest(""astro-island[ssr]"");if(e){e.addEventListener(""astro:hydrate"",this.hydrate,{once:!0});return}let c=this.querySelectorAll(""astro-slot""),n={},h=this.querySelectorAll(""template[data-astro-template]"");for(let r of h){let s=r.closest(this.tagName);s!=null&&s.isSameNode(this)&&(n[r.getAttribute(""data-astro-template"")||""default""]=r.innerHTML,r.remove())}for(let r of c){let s=r.closest(this.tagName);s!=null&&s.isSameNode(this)&&(n[r.getAttribute(""name"")||""default""]=r.innerHTML)}let p;try{p=this.hasAttribute(""props"")?m(JSON.parse(this.getAttribute(""props""))):{}}catch(r){let s=this.getAttribute(""component-url"")||""<unknown>"",v=this.getAttribute(""component-export"");throw v&&(s+=` (export ${v})`),console.error(`[hydrate] Error parsing props for component ${s}`,this.getAttribute(""props""),r),r}let u;await this.hydrator(this)(this.Component,p,n,{client:this.getAttribute(""client"")}),this.removeAttribute(""ssr""),this.dispatchEvent(new CustomEvent(""astro:hydrate""))});d(this,""unmount"",()=>{this.isConnected||this.dispatchEvent(new CustomEvent(""astro:unmount""))})}disconnectedCallback(){document.removeEventListener(""astro:after-swap"",this.unmount),document.addEventListener(""astro:after-swap"",this.unmount,{once:!0})}connectedCallback(){if(!this.hasAttribute(""await-children"")||document.readyState===""interactive""||document.readyState===""complete"")this.childrenConnectedCallback();else{let e=()=>{document.removeEventListener(""DOMContentLoaded"",e),c.disconnect(),this.childrenConnectedCallback()},c=new MutationObserver(()=>{var n;((n=this.lastChild)==null?void 0:n.nodeType)===Node.COMMENT_NODE&&this.lastChild.nodeValue===""astro:end""&&(this.lastChild.remove(),e())});c.observe(this,{childList:!0}),document.addEventListener(""DOMContentLoaded"",e)}}async childrenConnectedCallback(){let e=this.getAttribute(""before-hydration-url"");e&&await import(e),this.start()}async start(){let e=JSON.parse(this.getAttribute(""opts"")),c=this.getAttribute(""client"");if(Astro[c]===void 0){window.addEventListener(`astro:${c}`,()=>this.start(),{once:!0});return}try{await Astro[c](async()=>{let n=this.getAttribute(""renderer-url""),[h,{default:p}]=await Promise.all([import(this.getAttribute(""component-url"")),n?import(n):()=>()=>{}]),u=this.getAttribute(""component-export"")||""default"";if(!u.includes("".""))this.Component=h[u];else{this.Component=h;for(let f of u.split("".""))this.Component=this.Component[f]}return this.hydrator=p,this.hydrate},e,this)}catch(n){console.error(`[astro-island] Error hydrating ${this.getAttribute(""component-url"")}`,n)}}attributeChangedCallback(){this.hydrate()}}d(y,""observedAttributes"",[""props""]),customElements.get(""astro-island"")||customElements.define(""astro-island"",y)}})();</script><astro-island uid=""1gU2Wk"" prefix=""r4"" component-url=""/_astro/layout.Blzd1WJi.js"" component-export=""default"" renderer-url=""/_astro/client.CnNSmOBU.js"" props=""{&quot;responsiveBackgroundUrl&quot;:[0,&quot;/_astro/404-hero-mobile.LwMaDlQK.jpg&quot;],&quot;backgroundUrl&quot;:[0,&quot;/_astro/404-hero.ohH8QfXI.jpg&quot;],&quot;locale&quot;:[0,&quot;en&quot;]}"" ssr client=""load"" before-hydration-url=""/_astro/astro_scripts/before-hydration.js.Dp7j06EF.js"" opts=""{&quot;name&quot;:&quot;Layout&quot;,&quot;value&quot;:true}"" await-children><header class=""_13u5qvc1""><h1 class=""_13u5qvcc _13u5qvce""><a class=""_13u5qvc2"" href=""/"" title=""Connect""></a></h1><div class=""_13u5qvca""></div><nav class=""_13u5qvcd""><ul class=""_13u5qvcb""><li class=""_13u5qvc6""><a href=""/start/"">Get Started</a></li><li class=""_13u5qvc6""><a href=""/support/"">Support</a></li><li class=""_13u5qvc7 _13u5qvc6""><div><a href=""#"">English</a><i class=""_13u5qvc8""></i></div><ul class=""_1buefwp2""><li class=""_1buefwp0"">العربية</li><li class=""_1buefwp0"">български</li><li class=""_1buefwp0"">Tiếng Việt</li><li class=""_1buefwp0"">Türkçe</li><li class=""_1buefwp0"">Eesti</li><li class=""_1buefwp0"">Українська</li><li class=""_1buefwp0"">Latviešu</li><li class=""_1buefwp0"">Lietuvių</li><li class=""_1buefwp0"">ไทย</li><li class=""_1buefwp0"">한국어</li><li class=""_1buefwp0"">Bahasa Indonesia</li><li class=""_1buefwp0"">Bahasa Melayu</li><li class=""_1buefwp0"">Čeština</li><li class=""_1buefwp0"">Dansk</li><li class=""_1buefwp0"">Deutsch</li><li class=""_1buefwp0"">English</li><li class=""_1buefwp0"">Español</li><li class=""_1buefwp0"">Français</li><li class=""_1buefwp0"">Hrvatski</li><li class=""_1buefwp0"">Italiano</li><li class=""_1buefwp0"">Magyar</li><li class=""_1buefwp0"">Nederlands</li><li class=""_1buefwp0"">Norsk</li><li class=""_1buefwp0"">Polski</li><li class=""_1buefwp0"">Português (Brasil)</li><li class=""_1buefwp0"">Português (Portugal)</li><li class=""_1buefwp0"">Română</li><li class=""_1buefwp0"">Slovenčina</li><li class=""_1buefwp0"">Slovenščina</li><li class=""_1buefwp0"">Suomi</li><li class=""_1buefwp0"">Svenska</li><li class=""_1buefwp0"">עברית</li><li class=""_1buefwp0"">Ελληνικά</li><li class=""_1buefwp0"">Русский</li><li class=""_1buefwp0"">简体中文</li><li class=""_1buefwp0"">繁體中文</li><li class=""_1buefwp0"">日本語</li></ul></li><li class=""_13u5qvc6""><a href=""/signin/""><button class=""_1omhclk7 _1omhclk1 _1omhclk0"" type=""button"">Sign In</button></a></li></ul></nav></header><main class=""cz7g2a1 cz7g2a0""><astro-slot> <astro-island uid=""1qquNG"" prefix=""r2"" component-url=""/_astro/404.BAyFp3Qr.js"" component-export=""default"" renderer-url=""/_astro/client.CnNSmOBU.js"" props=""{&quot;locale&quot;:[0,&quot;en&quot;]}"" ssr client=""load"" before-hydration-url=""/_astro/astro_scripts/before-hydration.js.Dp7j06EF.js"" opts=""{&quot;name&quot;:&quot;NotFoundPage&quot;,&quot;value&quot;:true}"" await-children><div class=""_1hcs9nz0""><div><h1><span>Running on empty</span></h1></div><div class=""_1hcs9nz1""><h2><span>We couldn&#x27;t find the page you were looking for.</span></h2></div><div><a href=""/""><button class=""_1omhclk6 _1omhclk1 _1omhclk0"" type=""button"">Return to Garmin Connect</button></a></div></div><!--astro:end--></astro-island> </astro-slot></main><!--astro:end--></astro-island> <astro-island uid=""Z1ouK1l"" prefix=""r1"" component-url=""/_astro/footer.cv2fbqIQ.js"" component-export=""default"" renderer-url=""/_astro/client.CnNSmOBU.js"" props=""{&quot;locale&quot;:[0,&quot;en&quot;]}"" ssr client=""load"" before-hydration-url=""/_astro/astro_scripts/before-hydration.js.Dp7j06EF.js"" opts=""{&quot;name&quot;:&quot;Footer&quot;,&quot;value&quot;:true}"" await-children><footer class=""ehf3af0""><div><div><div><a class=""ehf3af1"" href=""https://www.garmin.com/legal/atdisclaimer/"">Activity Tracking Accuracy</a></div><div class=""ehf3af7""><ul class=""ehf3af4""><li class=""ehf3af5""><a href=""/support/"" class=""ehf3af6"">Help</a></li><li class=""ehf3af5""><a href=""/status/"" class=""ehf3af6"">Status</a></li><li class=""ehf3af5""><a href=""https://www.garmin.com/legal/terms-of-use/"" class=""ehf3af6"">Terms</a></li><li class=""ehf3af5""><a href=""https://www.garmin.com/privacy/connect/"" class=""ehf3af6"">Privacy</a></li><li class=""ehf3af5""><a href=""https://www.garmin.com/legal/security/"" class=""ehf3af6"">Security</a></li><li class=""ehf3af5""><a href=""https://www.garmin.com/legal/connect_copyrights/"" class=""ehf3af6"">Licenses</a></li></ul></div></div></div><div class=""ehf3afb""><span class=""ehf3af8""><a title=""Instagram"" href=""https://www.instagram.com/garminfitness/""></a></span><span class=""ehf3af9""><a title=""Facebook"" href=""https://www.facebook.com/garminfit""></a></span><span class=""ehf3afa""><a title=""Twitter"" href=""https://twitter.com/garminfitness""></a></span></div><div id=""consent""></div></footer><!--astro:end--></astro-island>  </body></html>'}, {'path': '/wellness-service/wellness/dailySummary/chart/2026-05-01/2026-05-01', 'status': 404, 'text': '<!DOCTYPE html><html lang=""en""> <head><meta charset=""utf-8""><title>Garmin Connect | 404</title><meta property=""og:title"" content=""Garmin Connect | 404""><meta name=""viewport"" content=""width=device-width, initial-scale=1""><meta name=""robots"" content=""index,follow""><meta name=""revisit-after"" content=""15 days""><meta name=""author"" content=""Garmin International""><link rel=""shortcut icon"" href=""https://static.garmincdn.com/favicon.ico""><!-- FB / OG Specific Tags --><meta property=""fb:app_id"" content=""169380733077633""><meta property=""og:type"" content=""website""><meta property=""og:site_name"" content=""Garmin Connect""><meta property=""og:image"" content=""http://static.garmincdn.com/com.garmin.connect/content/images/garmin-connect-fb3.gif""><!-- Twitter Tags --><meta name=""twitter:card"" content=""summary""><meta name=""twitter:site"" content=""@GarminFitness""><script type=""module"" src=""/_astro/headLayout.astro_astro_type_script_index_0_lang.COveyDf3.js""></script><style>._1hcs9nz0{margin:150px 0 0 17%;display:flex;flex-direction:column;justify-content:center;width:65%;align-items:center}._1hcs9nz0 h1{font-size:4em;text-align:center;line-height:40px}._1hcs9nz0 h2{font-size:1.5em;font-weight:400;text-align:center;line-height:30px}._1hcs9nz1{margin-bottom:15px}@media screen and (min-width:767px){._1hcs9nz0{margin:50px 0 0 5%;width:90%}}@media screen and (max-width:767px){._1hcs9nz0 h1{font-size:2em}._1hcs9nz0 h2{font-size:1.1em}}\n</style>\n<link rel=""stylesheet"" href=""/_astro/invite-signin.Bu6ZOF1W.css"">\n<link rel=""stylesheet"" href=""/_astro/account-sharing.C48D-yHT.css"">\n<style>._1omhclk0{background:none;margin:0;cursor:pointer;border-radius:4px;border:none;transition:background-color .2s;&[disabled]{box-shadow:none;cursor:not-allowed;pointer-events:none;opacity:.5}}._1omhclk0:focus{outline:none;box-shadow:0 0 0 2px #fff,0 0 0 4px #1976d2}._1omhclk1{background-color:#1976d2;color:#fff}._1omhclk1:focus{background-color:#1976d2}._1omhclk1:hover{background-color:#1265c2}._1omhclk1:active{background-color:#0a59b2}._1omhclk2{background-color:#6c6c6c;color:#fff}._1omhclk2:focus{background-color:#6c6c6c}._1omhclk2:hover{background-color:#515151}._1omhclk2:active{background-color:#3b3b3b}._1omhclk3{background-color:undefined;color:#fff}._1omhclk3:focus{background-color:undefined}._1omhclk3:hover,._1omhclk3:active{background-color:undefined}._1omhclk4{background-color:#fff;color:#000}._1omhclk4:focus{background-color:#fff}._1omhclk4:hover{background-color:#f4f4f4}._1omhclk4:active{background-color:#e4e4e4}._1omhclk5{font-size:11px;padding:0 12px;height:22px}._1omhclk6{height:44px;padding:0 25px;font-size:16px}._1omhclk7{height:33px;padding:0 20px;font-size:14px}._1omhclk8{box-shadow:none;cursor:not-allowed;pointer-events:none;opacity:.5}\n</style>\n<link rel=""stylesheet"" href=""/_astro/menstrual-cycle-tracking.DctgKWJm.css""></head> <body>  <style>astro-island,astro-slot,astro-static-slot{display:contents}</style><script>(()=>{var e=async t=>{await(await t())()};(self.Astro||(self.Astro={})).load=e;window.dispatchEvent(new Event(""astro:load""));})();</script><script>(()=>{var A=Object.defineProperty;var g=(i,o,a)=>o in i?A(i,o,{enumerable:!0,configurable:!0,writable:!0,value:a}):i[o]=a;var d=(i,o,a)=>g(i,typeof o!=""symbol""?o+"""":o,a);{let i={0:t=>m(t),1:t=>a(t),2:t=>new RegExp(t),3:t=>new Date(t),4:t=>new Map(a(t)),5:t=>new Set(a(t)),6:t=>BigInt(t),7:t=>new URL(t),8:t=>new Uint8Array(t),9:t=>new Uint16Array(t),10:t=>new Uint32Array(t),11:t=>1/0*t},o=t=>{let[l,e]=t;return l in i?i[l](e):void 0},a=t=>t.map(o),m=t=>typeof t!=""object""||t===null?t:Object.fromEntries(Object.entries(t).map(([l,e])=>[l,o(e)]));class y extends HTMLElement{constructor(){super(...arguments);d(this,""Component"");d(this,""hydrator"");d(this,""hydrate"",async()=>{var b;if(!this.hydrator||!this.isConnected)return;let e=(b=this.parentElement)==null?void 0:b.closest(""astro-island[ssr]"");if(e){e.addEventListener(""astro:hydrate"",this.hydrate,{once:!0});return}let c=this.querySelectorAll(""astro-slot""),n={},h=this.querySelectorAll(""template[data-astro-template]"");for(let r of h){let s=r.closest(this.tagName);s!=null&&s.isSameNode(this)&&(n[r.getAttribute(""data-astro-template"")||""default""]=r.innerHTML,r.remove())}for(let r of c){let s=r.closest(this.tagName);s!=null&&s.isSameNode(this)&&(n[r.getAttribute(""name"")||""default""]=r.innerHTML)}let p;try{p=this.hasAttribute(""props"")?m(JSON.parse(this.getAttribute(""props""))):{}}catch(r){let s=this.getAttribute(""component-url"")||""<unknown>"",v=this.getAttribute(""component-export"");throw v&&(s+=` (export ${v})`),console.error(`[hydrate] Error parsing props for component ${s}`,this.getAttribute(""props""),r),r}let u;await this.hydrator(this)(this.Component,p,n,{client:this.getAttribute(""client"")}),this.removeAttribute(""ssr""),this.dispatchEvent(new CustomEvent(""astro:hydrate""))});d(this,""unmount"",()=>{this.isConnected||this.dispatchEvent(new CustomEvent(""astro:unmount""))})}disconnectedCallback(){document.removeEventListener(""astro:after-swap"",this.unmount),document.addEventListener(""astro:after-swap"",this.unmount,{once:!0})}connectedCallback(){if(!this.hasAttribute(""await-children"")||document.readyState===""interactive""||document.readyState===""complete"")this.childrenConnectedCallback();else{let e=()=>{document.removeEventListener(""DOMContentLoaded"",e),c.disconnect(),this.childrenConnectedCallback()},c=new MutationObserver(()=>{var n;((n=this.lastChild)==null?void 0:n.nodeType)===Node.COMMENT_NODE&&this.lastChild.nodeValue===""astro:end""&&(this.lastChild.remove(),e())});c.observe(this,{childList:!0}),document.addEventListener(""DOMContentLoaded"",e)}}async childrenConnectedCallback(){let e=this.getAttribute(""before-hydration-url"");e&&await import(e),this.start()}async start(){let e=JSON.parse(this.getAttribute(""opts"")),c=this.getAttribute(""client"");if(Astro[c]===void 0){window.addEventListener(`astro:${c}`,()=>this.start(),{once:!0});return}try{await Astro[c](async()=>{let n=this.getAttribute(""renderer-url""),[h,{default:p}]=await Promise.all([import(this.getAttribute(""component-url"")),n?import(n):()=>()=>{}]),u=this.getAttribute(""component-export"")||""default"";if(!u.includes("".""))this.Component=h[u];else{this.Component=h;for(let f of u.split("".""))this.Component=this.Component[f]}return this.hydrator=p,this.hydrate},e,this)}catch(n){console.error(`[astro-island] Error hydrating ${this.getAttribute(""component-url"")}`,n)}}attributeChangedCallback(){this.hydrate()}}d(y,""observedAttributes"",[""props""]),customElements.get(""astro-island"")||customElements.define(""astro-island"",y)}})();</script><astro-island uid=""1gU2Wk"" prefix=""r4"" component-url=""/_astro/layout.Blzd1WJi.js"" component-export=""default"" renderer-url=""/_astro/client.CnNSmOBU.js"" props=""{&quot;responsiveBackgroundUrl&quot;:[0,&quot;/_astro/404-hero-mobile.LwMaDlQK.jpg&quot;],&quot;backgroundUrl&quot;:[0,&quot;/_astro/404-hero.ohH8QfXI.jpg&quot;],&quot;locale&quot;:[0,&quot;en&quot;]}"" ssr client=""load"" before-hydration-url=""/_astro/astro_scripts/before-hydration.js.Dp7j06EF.js"" opts=""{&quot;name&quot;:&quot;Layout&quot;,&quot;value&quot;:true}"" await-children><header class=""_13u5qvc1""><h1 class=""_13u5qvcc _13u5qvce""><a class=""_13u5qvc2"" href=""/"" title=""Connect""></a></h1><div class=""_13u5qvca""></div><nav class=""_13u5qvcd""><ul class=""_13u5qvcb""><li class=""_13u5qvc6""><a href=""/start/"">Get Started</a></li><li class=""_13u5qvc6""><a href=""/support/"">Support</a></li><li class=""_13u5qvc7 _13u5qvc6""><div><a href=""#"">English</a><i class=""_13u5qvc8""></i></div><ul class=""_1buefwp2""><li class=""_1buefwp0"">العربية</li><li class=""_1buefwp0"">български</li><li class=""_1buefwp0"">Tiếng Việt</li><li class=""_1buefwp0"">Türkçe</li><li class=""_1buefwp0"">Eesti</li><li class=""_1buefwp0"">Українська</li><li class=""_1buefwp0"">Latviešu</li><li class=""_1buefwp0"">Lietuvių</li><li class=""_1buefwp0"">ไทย</li><li class=""_1buefwp0"">한국어</li><li class=""_1buefwp0"">Bahasa Indonesia</li><li class=""_1buefwp0"">Bahasa Melayu</li><li class=""_1buefwp0"">Čeština</li><li class=""_1buefwp0"">Dansk</li><li class=""_1buefwp0"">Deutsch</li><li class=""_1buefwp0"">English</li><li class=""_1buefwp0"">Español</li><li class=""_1buefwp0"">Français</li><li class=""_1buefwp0"">Hrvatski</li><li class=""_1buefwp0"">Italiano</li><li class=""_1buefwp0"">Magyar</li><li class=""_1buefwp0"">Nederlands</li><li class=""_1buefwp0"">Norsk</li><li class=""_1buefwp0"">Polski</li><li class=""_1buefwp0"">Português (Brasil)</li><li class=""_1buefwp0"">Português (Portugal)</li><li class=""_1buefwp0"">Română</li><li class=""_1buefwp0"">Slovenčina</li><li class=""_1buefwp0"">Slovenščina</li><li class=""_1buefwp0"">Suomi</li><li class=""_1buefwp0"">Svenska</li><li class=""_1buefwp0"">עברית</li><li class=""_1buefwp0"">Ελληνικά</li><li class=""_1buefwp0"">Русский</li><li class=""_1buefwp0"">简体中文</li><li class=""_1buefwp0"">繁體中文</li><li class=""_1buefwp0"">日本語</li></ul></li><li class=""_13u5qvc6""><a href=""/signin/""><button class=""_1omhclk7 _1omhclk1 _1omhclk0"" type=""button"">Sign In</button></a></li></ul></nav></header><main class=""cz7g2a1 cz7g2a0""><astro-slot> <astro-island uid=""1qquNG"" prefix=""r2"" component-url=""/_astro/404.BAyFp3Qr.js"" component-export=""default"" renderer-url=""/_astro/client.CnNSmOBU.js"" props=""{&quot;locale&quot;:[0,&quot;en&quot;]}"" ssr client=""load"" before-hydration-url=""/_astro/astro_scripts/before-hydration.js.Dp7j06EF.js"" opts=""{&quot;name&quot;:&quot;NotFoundPage&quot;,&quot;value&quot;:true}"" await-children><div class=""_1hcs9nz0""><div><h1><span>Running on empty</span></h1></div><div class=""_1hcs9nz1""><h2><span>We couldn&#x27;t find the page you were looking for.</span></h2></div><div><a href=""/""><button class=""_1omhclk6 _1omhclk1 _1omhclk0"" type=""button"">Return to Garmin Connect</button></a></div></div><!--astro:end--></astro-island> </astro-slot></main><!--astro:end--></astro-island> <astro-island uid=""Z1ouK1l"" prefix=""r1"" component-url=""/_astro/footer.cv2fbqIQ.js"" component-export=""default"" renderer-url=""/_astro/client.CnNSmOBU.js"" props=""{&quot;locale&quot;:[0,&quot;en&quot;]}"" ssr client=""load"" before-hydration-url=""/_astro/astro_scripts/before-hydration.js.Dp7j06EF.js"" opts=""{&quot;name&quot;:&quot;Footer&quot;,&quot;value&quot;:true}"" await-children><footer class=""ehf3af0""><div><div><div><a class=""ehf3af1"" href=""https://www.garmin.com/legal/atdisclaimer/"">Activity Tracking Accuracy</a></div><div class=""ehf3af7""><ul class=""ehf3af4""><li class=""ehf3af5""><a href=""/support/"" class=""ehf3af6"">Help</a></li><li class=""ehf3af5""><a href=""/status/"" class=""ehf3af6"">Status</a></li><li class=""ehf3af5""><a href=""https://www.garmin.com/legal/terms-of-use/"" class=""ehf3af6"">Terms</a></li><li class=""ehf3af5""><a href=""https://www.garmin.com/privacy/connect/"" class=""ehf3af6"">Privacy</a></li><li class=""ehf3af5""><a href=""https://www.garmin.com/legal/security/"" class=""ehf3af6"">Security</a></li><li class=""ehf3af5""><a href=""https://www.garmin.com/legal/connect_copyrights/"" class=""ehf3af6"">Licenses</a></li></ul></div></div></div><div class=""ehf3afb""><span class=""ehf3af8""><a title=""Instagram"" href=""https://www.instagram.com/garminfitness/""></a></span><span class=""ehf3af9""><a title=""Facebook"" href=""https://www.facebook.com/garminfit""></a></span><span class=""ehf3afa""><a title=""Twitter"" href=""https://twitter.com/garminfitness""></a></span></div><div id=""consent""></div></footer><!--astro:end--></astro-island>  </body></html>'}]}"
2026-05-01T20:00:52-04:00,mfp-backfill:rowens794,ok,"2026-02-14: 2351 cal, P66/C263/F54"
2026-05-01T20:00:56-04:00,mfp-backfill:rowens794,ok,"2026-02-13: 2594 cal, P110/C211/F98"
2026-05-01T20:01:01-04:00,mfp-backfill:rowens794,ok,"2026-02-12: 1634 cal, P124/C131/F59"
2026-05-01T20:01:06-04:00,mfp-backfill:rowens794,ok,"2026-02-11: 1881 cal, P125/C159/F71"
2026-05-01T20:01:10-04:00,mfp-backfill:rowens794,ok,"2026-02-10: 2103 cal, P115/C206/F64"
2026-05-01T20:01:15-04:00,mfp-backfill:rowens794,ok,"2026-02-09: 1923 cal, P149/C383/F45"
2026-05-01T20:01:19-04:00,mfp-backfill:rowens794,ok,"2026-02-08: 2149 cal, P63/C184/F83"
2026-05-01T20:01:24-04:00,mfp-backfill:rowens794,ok,"2026-02-07: 1499 cal, P46/C166/F61"
2026-05-01T20:01:29-04:00,mfp-backfill:rowens794,ok,"2026-02-06: 3209 cal, P163/C254/F112"
2026-05-01T20:01:33-04:00,mfp-backfill:rowens794,ok,"2026-02-05: 2108 cal, P100/C211/F67"
2026-05-01T20:01:37-04:00,mfp-backfill:rowens794,ok,"2026-02-04: 2803 cal, P122/C234/F128"
2026-05-01T20:01:41-04:00,mfp-backfill:rowens794,ok,"2026-02-03: 1976 cal, P114/C104/F106"
2026-05-01T20:01:45-04:00,mfp-backfill:rowens794,ok,"2026-02-02: 1770 cal, P175/C78/F83"
2026-05-01T20:01:50-04:00,mfp-backfill:rowens794,ok,"2026-02-01: 3472 cal, P160/C247/F145"
2026-05-01T20:01:55-04:00,mfp-backfill:rowens794,ok,"2026-01-31: 1849 cal, P89/C150/F80"
2026-05-01T20:02:00-04:00,mfp-backfill:rowens794,ok,"2026-01-30: 2535 cal, P157/C165/F105"
2026-05-01T20:02:07-04:00,mfp-backfill:rowens794,ok,"2026-01-29: 1711 cal, P137/C142/F54"
2026-05-01T20:02:11-04:00,mfp-backfill:rowens794,ok,"2026-01-28: 1752 cal, P107/C172/F73"
2026-05-01T20:02:16-04:00,mfp-backfill:rowens794,ok,"2026-01-27: 3390 cal, P129/C371/F96"
2026-05-01T20:02:20-04:00,mfp-backfill:rowens794,ok,"2026-01-26: 1631 cal, P112/C133/F60"
2026-05-01T20:02:24-04:00,mfp-backfill:rowens794,ok,"2026-01-25: 2393 cal, P151/C249/F71"
2026-05-01T20:02:30-04:00,mfp-backfill:rowens794,ok,"2026-01-24: 1694 cal, P111/C188/F57"
2026-05-01T20:02:34-04:00,mfp-backfill:rowens794,ok,"2026-01-23: 2548 cal, P113/C226/F108"
2026-05-01T20:02:39-04:00,mfp-backfill:rowens794,ok,"2026-01-22: 1683 cal, P131/C150/F65"
2026-05-01T20:02:44-04:00,mfp-backfill:rowens794,ok,"2026-01-21: 1802 cal, P82/C155/F82"
2026-05-01T20:02:48-04:00,mfp-backfill:rowens794,ok,"2026-01-20: 1840 cal, P95/C153/F83"
2026-05-01T20:02:52-04:00,mfp-backfill:rowens794,ok,"2026-01-19: 2496 cal, P180/C186/F97"
2026-05-01T20:02:57-04:00,mfp-backfill:rowens794,ok,"2026-01-18: 2373 cal, P148/C214/F66"
2026-05-01T20:03:01-04:00,mfp-backfill:rowens794,ok,"2026-01-17: 1896 cal, P122/C150/F61"
2026-05-01T20:03:06-04:00,mfp-backfill:rowens794,ok,"2026-01-16: 2861 cal, P79/C248/F135"
2026-05-01T20:03:10-04:00,mfp-backfill:rowens794,ok,"2026-01-15: 2314 cal, P132/C221/F81"
2026-05-01T20:03:14-04:00,mfp-backfill:rowens794,ok,"2026-01-14: 1796 cal, P93/C174/F58"
2026-05-01T20:03:19-04:00,mfp-backfill:rowens794,ok,"2026-01-13: 1901 cal, P105/C256/F29"
2026-05-01T20:03:24-04:00,mfp-backfill:rowens794,ok,"2026-01-12: 1153 cal, P84/C86/F41"
2026-05-01T20:03:29-04:00,mfp-backfill:rowens794,ok,"2026-01-11: 1685 cal, P61/C212/F67"
2026-05-01T20:03:33-04:00,mfp-backfill:rowens794,ok,"2026-01-10: 0 cal, P0/C0/F0"
2026-05-01T20:03:38-04:00,mfp-backfill:rowens794,ok,"2026-01-09: 0 cal, P0/C0/F0"
2026-05-01T20:03:43-04:00,mfp-backfill:rowens794,ok,"2026-01-08: 2986 cal, P70/C307/F145"
2026-05-01T20:03:47-04:00,mfp-backfill:rowens794,ok,"2026-01-07: 2240 cal, P96/C247/F72"
2026-05-01T20:03:53-04:00,mfp-backfill:rowens794,ok,"2026-01-06: 1950 cal, P115/C163/F55"
2026-05-01T20:03:58-04:00,mfp-backfill:rowens794,ok,"2026-01-05: 1513 cal, P117/C120/F38"
2026-05-01T20:04:03-04:00,mfp-backfill:rowens794,ok,"2026-01-04: 1554 cal, P88/C88/F52"
2026-05-01T20:04:08-04:00,mfp-backfill:rowens794,ok,"2026-01-03: 1786 cal, P65/C168/F86"
2026-05-01T20:04:12-04:00,mfp-backfill:rowens794,ok,"2026-01-02: 2312 cal, P74/C235/F98"
2026-05-01T20:04:17-04:00,mfp-backfill:rowens794,ok,"2026-01-01: 3632 cal, P161/C228/F207"
2026-05-01T20:04:23-04:00,mfp-backfill:rowens794,ok,"2025-12-31: 1470 cal, P85/C188/F35"
2026-05-01T20:04:27-04:00,mfp-backfill:rowens794,ok,"2025-12-30: 1743 cal, P107/C105/F88"
2026-05-01T20:04:31-04:00,mfp-backfill:rowens794,ok,"2025-12-29: 1632 cal, P81/C146/F72"
2026-05-01T20:04:35-04:00,mfp-backfill:rowens794,ok,"2025-12-28: 0 cal, P0/C0/F0"
2026-05-01T20:04:40-04:00,mfp-backfill:rowens794,ok,"2025-12-27: 0 cal, P0/C0/F0"
2026-05-01T20:04:41-04:00,garmin:steps,ok,2026-04-04..2026-05-01: 28 days
2026-05-01T20:04:44-04:00,garmin:steps,ok,2026-03-07..2026-04-03: 28 days
2026-05-01T20:04:44-04:00,mfp-backfill:rowens794,ok,"2025-12-26: 0 cal, P0/C0/F0"
2026-05-01T20:04:46-04:00,garmin:steps,ok,2026-02-07..2026-03-06: 28 days
2026-05-01T20:04:48-04:00,garmin:steps,ok,2026-01-10..2026-02-06: 28 days
2026-05-01T20:04:49-04:00,mfp-backfill:rowens794,ok,"2025-12-25: 0 cal, P0/C0/F0"
2026-05-01T20:04:51-04:00,garmin:steps,ok,2025-12-13..2026-01-09: 28 days
2026-05-01T20:04:53-04:00,garmin:steps,ok,2025-11-15..2025-12-12: 27 days
2026-05-01T20:04:53-04:00,mfp-backfill:rowens794,ok,"2025-12-24: 0 cal, P0/C0/F0"
2026-05-01T20:04:55-04:00,garmin:steps,ok,2025-10-18..2025-11-14: 28 days
2026-05-01T20:04:57-04:00,garmin:steps,ok,2025-09-20..2025-10-17: 28 days
2026-05-01T20:04:58-04:00,mfp-backfill:rowens794,ok,"2025-12-23: 854 cal, P66/C60/F42"
2026-05-01T20:04:59-04:00,garmin:steps,ok,2025-08-23..2025-09-19: 28 days
2026-05-01T20:05:02-04:00,garmin:steps,ok,2025-07-26..2025-08-22: 28 days
2026-05-01T20:05:02-04:00,mfp-backfill:rowens794,ok,"2025-12-22: 1693 cal, P157/C152/F47"
2026-05-01T20:05:04-04:00,garmin:steps,ok,2025-06-28..2025-07-25: 28 days
2026-05-01T20:05:06-04:00,garmin:steps,ok,2025-06-01..2025-06-27: 27 days
2026-05-01T20:05:07-04:00,mfp-backfill:rowens794,ok,"2025-12-21: 0 cal, P0/C0/F0"
2026-05-01T20:05:12-04:00,mfp-backfill:rowens794,ok,"2025-12-20: 0 cal, P0/C0/F0"
2026-05-01T20:05:16-04:00,mfp-backfill:rowens794,ok,"2025-12-19: 869 cal, P96/C57/F29"
2026-05-01T20:05:22-04:00,mfp-backfill:rowens794,ok,"2025-12-18: 1951 cal, P81/C185/F89"
2026-05-01T20:05:26-04:00,mfp-backfill:rowens794,ok,"2025-12-17: 2107 cal, P84/C236/F84"
2026-05-01T20:05:30-04:00,mfp-backfill:rowens794,ok,"2025-12-16: 1887 cal, P164/C136/F62"
2026-05-01T20:05:35-04:00,mfp-backfill:rowens794,ok,"2025-12-15: 2430 cal, P205/C164/F73"
2026-05-01T20:05:39-04:00,mfp-backfill:rowens794,ok,"2025-12-14: 1814 cal, P149/C103/F45"
2026-05-01T20:05:44-04:00,mfp-backfill:rowens794,ok,"2025-12-13: 2352 cal, P131/C234/F90"
2026-05-01T20:05:49-04:00,mfp-backfill:rowens794,ok,"2025-12-12: 1789 cal, P111/C104/F104"
2026-05-01T20:05:53-04:00,mfp-backfill:rowens794,ok,"2025-12-11: 3076 cal, P262/C72/F108"
2026-05-01T20:05:57-04:00,mfp-backfill:rowens794,ok,"2025-12-10: 1985 cal, P233/C73/F61"
2026-05-01T20:06:01-04:00,mfp-backfill:rowens794,ok,"2025-12-09: 2859 cal, P233/C84/F118"
2026-05-01T20:06:06-04:00,mfp-backfill:rowens794,ok,"2025-12-08: 1936 cal, P135/C135/F61"
2026-05-01T20:06:10-04:00,mfp-backfill:rowens794,ok,"2025-12-07: 1763 cal, P153/C98/F68"
2026-05-01T20:06:14-04:00,mfp-backfill:rowens794,ok,"2025-12-06: 2051 cal, P131/C175/F74"
2026-05-01T20:06:20-04:00,mfp-backfill:rowens794,ok,"2025-12-05: 2529 cal, P135/C230/F113"
2026-05-01T20:06:25-04:00,mfp-backfill:rowens794,ok,"2025-12-04: 1737 cal, P136/C148/F69"
2026-05-01T20:06:29-04:00,mfp-backfill:rowens794,ok,"2025-12-03: 1467 cal, P117/C126/F55"
2026-05-01T20:06:33-04:00,mfp-backfill:rowens794,ok,"2025-12-02: 1765 cal, P121/C115/F83"
2026-05-01T20:06:38-04:00,mfp-backfill:rowens794,ok,"2025-12-01: 1901 cal, P120/C173/F82"
2026-05-01T20:06:42-04:00,mfp-backfill:rowens794,ok,"2025-11-30: 2207 cal, P132/C270/F64"
2026-05-01T20:06:46-04:00,mfp-backfill:rowens794,ok,"2025-11-29: 1768 cal, P104/C192/F70"
2026-05-01T20:06:50-04:00,mfp-backfill:rowens794,ok,"2025-11-28: 0 cal, P0/C0/F0"
2026-05-01T20:06:54-04:00,mfp-backfill:rowens794,ok,"2025-11-27: 0 cal, P0/C0/F0"
2026-05-01T20:06:59-04:00,mfp-backfill:rowens794,ok,"2025-11-26: 2439 cal, P185/C145/F82"
2026-05-01T20:07:03-04:00,mfp-backfill:rowens794,ok,"2025-11-25: 3203 cal, P143/C353/F113"
2026-05-01T20:07:08-04:00,mfp-backfill:rowens794,ok,"2025-11-24: 2355 cal, P211/C128/F85"
2026-05-01T20:07:13-04:00,mfp-backfill:rowens794,ok,"2025-11-23: 0 cal, P0/C0/F0"
2026-05-01T20:07:18-04:00,mfp-backfill:rowens794,ok,"2025-11-22: 1553 cal, P67/C145/F65"
2026-05-01T20:07:23-04:00,mfp-backfill:rowens794,ok,"2025-11-21: 2562 cal, P110/C267/F101"
2026-05-01T20:07:27-04:00,mfp-backfill:rowens794,ok,"2025-11-20: 1942 cal, P52/C233/F66"
2026-05-01T20:07:31-04:00,mfp-backfill:rowens794,ok,"2025-11-19: 2427 cal, P162/C254/F68"
2026-05-01T20:07:36-04:00,mfp-backfill:rowens794,ok,"2025-11-18: 1738 cal, P149/C132/F59"
2026-05-01T20:07:41-04:00,mfp-backfill:rowens794,ok,"2025-11-17: 2278 cal, P160/C182/F82"
2026-05-01T20:07:45-04:00,mfp-backfill:rowens794,ok,"2025-11-16: 2705 cal, P78/C270/F123"
2026-05-01T20:07:49-04:00,mfp-backfill:rowens794,ok,"2025-11-15: 2201 cal, P147/C164/F97"
2026-05-01T20:07:53-04:00,mfp-backfill:rowens794,ok,"2025-11-14: 2115 cal, P115/C214/F86"
2026-05-01T20:07:58-04:00,mfp-backfill:rowens794,ok,"2025-11-13: 1551 cal, P132/C112/F67"
2026-05-01T20:08:02-04:00,mfp-backfill:rowens794,ok,"2025-11-12: 2075 cal, P132/C167/F99"
2026-05-01T20:08:06-04:00,mfp-backfill:rowens794,ok,"2025-11-11: 1956 cal, P117/C187/F84"
2026-05-01T20:08:10-04:00,mfp-backfill:rowens794,ok,"2025-11-10: 3147 cal, P137/C321/F138"
2026-05-01T20:08:15-04:00,mfp-backfill:rowens794,ok,"2025-11-09: 2961 cal, P90/C317/F136"
2026-05-01T20:08:19-04:00,mfp-backfill:rowens794,ok,"2025-11-08: 2096 cal, P126/C206/F87"
2026-05-01T20:08:24-04:00,mfp-backfill:rowens794,ok,"2025-11-07: 2772 cal, P97/C264/F126"
2026-05-01T20:08:28-04:00,mfp-backfill:rowens794,ok,"2025-11-06: 1650 cal, P87/C114/F93"
2026-05-01T20:08:32-04:00,mfp-backfill:rowens794,ok,"2025-11-05: 1908 cal, P173/C145/F57"
2026-05-01T20:08:38-04:00,mfp-backfill:rowens794,ok,"2025-11-04: 1719 cal, P142/C105/F65"
2026-05-01T20:08:42-04:00,mfp-backfill:rowens794,ok,"2025-11-03: 1441 cal, P117/C156/F30"
2026-05-01T20:08:48-04:00,mfp-backfill:rowens794,ok,"2025-11-02: 2086 cal, P129/C229/F55"
2026-05-01T20:08:52-04:00,mfp-backfill:rowens794,ok,"2025-11-01: 2163 cal, P130/C239/F67"
2026-05-01T20:08:56-04:00,mfp-backfill:rowens794,ok,"2025-10-31: 2955 cal, P136/C308/F103"
2026-05-01T20:09:02-04:00,mfp-backfill:rowens794,ok,"2025-10-30: 1608 cal, P158/C116/F52"
2026-05-01T20:09:06-04:00,mfp-backfill:rowens794,ok,"2025-10-29: 1677 cal, P154/C104/F54"
2026-05-01T20:09:12-04:00,mfp-backfill:rowens794,ok,"2025-10-28: 1556 cal, P133/C101/F52"
2026-05-01T20:09:16-04:00,mfp-backfill:rowens794,ok,"2025-10-27: 1750 cal, P154/C100/F65"
2026-05-01T20:09:21-04:00,mfp-backfill:rowens794,ok,"2025-10-26: 2531 cal, P89/C197/F143"
2026-05-01T20:09:26-04:00,mfp-backfill:rowens794,ok,"2025-10-25: 2596 cal, P121/C208/F141"
2026-05-01T20:09:32-04:00,mfp-backfill:rowens794,ok,"2025-10-24: 1797 cal, P135/C92/F97"
2026-05-01T20:09:37-04:00,mfp-backfill:rowens794,ok,"2025-10-23: 1971 cal, P140/C146/F83"
2026-05-01T20:09:41-04:00,mfp-backfill:rowens794,ok,"2025-10-22: 1576 cal, P153/C86/F65"
2026-05-01T20:09:46-04:00,mfp-backfill:rowens794,ok,"2025-10-21: 1472 cal, P160/C68/F54"
2026-05-01T20:09:50-04:00,mfp-backfill:rowens794,ok,"2025-10-20: 1611 cal, P147/C136/F49"
2026-05-01T20:09:55-04:00,mfp-backfill:rowens794,ok,"2025-10-19: 1730 cal, P118/C127/F58"
2026-05-01T20:09:59-04:00,mfp-backfill:rowens794,ok,"2025-10-18: 2656 cal, P132/C211/F113"
2026-05-01T20:10:03-04:00,mfp-backfill:rowens794,ok,"2025-10-17: 2241 cal, P146/C223/F76"
2026-05-01T20:10:08-04:00,mfp-backfill:rowens794,ok,"2025-10-16: 1428 cal, P190/C40/F40"
2026-05-01T20:10:12-04:00,mfp-backfill:rowens794,ok,"2025-10-15: 1547 cal, P182/C59/F48"
2026-05-01T20:10:17-04:00,mfp-backfill:rowens794,ok,"2025-10-14: 1694 cal, P197/C83/F52"
2026-05-01T20:10:21-04:00,mfp-backfill:rowens794,ok,"2025-10-13: 2146 cal, P224/C108/F72"
2026-05-01T20:10:25-04:00,mfp-backfill:rowens794,ok,"2025-10-12: 1590 cal, P199/C164/F23"
2026-05-01T20:10:30-04:00,mfp-backfill:rowens794,ok,"2025-10-11: 1975 cal, P149/C153/F60"
2026-05-01T20:10:36-04:00,mfp-backfill:rowens794,ok,"2025-10-10: 2310 cal, P134/C236/F58"
2026-05-01T20:10:40-04:00,mfp-backfill:rowens794,ok,"2025-10-09: 1991 cal, P121/C151/F101"
2026-05-01T20:10:45-04:00,mfp-backfill:rowens794,ok,"2025-10-08: 1403 cal, P178/C68/F41"
2026-05-01T20:10:49-04:00,mfp-backfill:rowens794,ok,"2025-10-07: 1397 cal, P107/C74/F65"
2026-05-01T20:10:54-04:00,mfp-backfill:rowens794,ok,"2025-10-06: 1392 cal, P135/C79/F36"
2026-05-01T20:10:59-04:00,mfp-backfill:rowens794,ok,"2025-10-05: 1978 cal, P86/C147/F89"
2026-05-01T20:11:04-04:00,mfp-backfill:rowens794,ok,"2025-10-04: 4059 cal, P140/C369/F164"
2026-05-01T20:11:09-04:00,mfp-backfill:rowens794,ok,"2025-10-03: 2458 cal, P81/C192/F85"
2026-05-01T20:11:13-04:00,mfp-backfill:rowens794,ok,"2025-10-02: 2575 cal, P78/C140/F145"
2026-05-01T20:11:19-04:00,mfp-backfill:rowens794,ok,"2025-10-01: 1525 cal, P106/C146/F35"
2026-05-01T20:11:23-04:00,mfp-backfill:rowens794,ok,"2025-09-30: 1857 cal, P180/C125/F40"
2026-05-01T20:11:28-04:00,mfp-backfill:rowens794,ok,"2025-09-29: 2336 cal, P182/C231/F70"
2026-05-01T20:11:33-04:00,mfp-backfill:rowens794,ok,"2025-09-28: 1736 cal, P167/C104/F57"
2026-05-01T20:11:38-04:00,mfp-backfill:rowens794,ok,"2025-09-27: 1542 cal, P117/C191/F26"
2026-05-01T20:11:42-04:00,mfp-backfill:rowens794,ok,"2025-09-26: 2258 cal, P109/C93/F91"
2026-05-01T20:11:47-04:00,mfp-backfill:rowens794,ok,"2025-09-25: 1419 cal, P138/C61/F61"
2026-05-01T20:11:52-04:00,mfp-backfill:rowens794,ok,"2025-09-24: 1535 cal, P172/C69/F52"
2026-05-01T20:11:56-04:00,mfp-backfill:rowens794,ok,"2025-09-23: 1669 cal, P183/C65/F65"
2026-05-01T20:12:01-04:00,mfp-backfill:rowens794,ok,"2025-09-22: 1435 cal, P98/C77/F66"
2026-05-01T20:12:06-04:00,mfp-backfill:rowens794,ok,"2025-09-21: 1808 cal, P189/C75/F63"
2026-05-01T20:12:11-04:00,mfp-backfill:rowens794,ok,"2025-09-20: 3597 cal, P136/C314/F88"
2026-05-01T20:12:15-04:00,mfp-backfill:rowens794,ok,"2025-09-19: 1791 cal, P144/C111/F75"
2026-05-01T20:12:20-04:00,mfp-backfill:rowens794,ok,"2025-09-18: 1531 cal, P194/C60/F55"
2026-05-01T20:12:24-04:00,mfp-backfill:rowens794,ok,"2025-09-17: 1896 cal, P215/C83/F65"
2026-05-01T20:12:29-04:00,mfp-backfill:rowens794,ok,"2025-09-16: 1640 cal, P195/C79/F49"
2026-05-01T20:12:34-04:00,mfp-backfill:rowens794,ok,"2025-09-15: 1857 cal, P210/C86/F60"
2026-05-01T20:12:39-04:00,mfp-backfill:rowens794,ok,"2025-09-14: 1941 cal, P168/C104/F75"
2026-05-01T20:12:45-04:00,mfp-backfill:rowens794,ok,"2025-09-13: 1852 cal, P135/C146/F64"
2026-05-01T20:12:50-04:00,mfp-backfill:rowens794,ok,"2025-09-12: 2521 cal, P145/C197/F79"
2026-05-01T20:12:54-04:00,mfp-backfill:rowens794,ok,"2025-09-11: 1641 cal, P179/C87/F52"
2026-05-01T20:12:58-04:00,mfp-backfill:rowens794,ok,"2025-09-10: 1756 cal, P162/C112/F58"
2026-05-01T20:13:04-04:00,mfp-backfill:rowens794,ok,"2025-09-09: 1629 cal, P170/C70/F53"
2026-05-01T20:13:08-04:00,mfp-backfill:rowens794,ok,"2025-09-08: 1433 cal, P129/C83/F49"
2026-05-01T20:13:12-04:00,mfp-backfill:rowens794,ok,"2025-09-07: 1609 cal, P124/C100/F60"
2026-05-01T20:13:17-04:00,mfp-backfill:rowens794,ok,"2025-09-06: 1783 cal, P100/C143/F78"
2026-05-01T20:13:22-04:00,mfp-backfill:rowens794,ok,"2025-09-05: 1465 cal, P139/C70/F72"
2026-05-01T20:13:26-04:00,mfp-backfill:rowens794,ok,"2025-09-04: 2511 cal, P208/C133/F64"
2026-05-01T20:13:31-04:00,mfp-backfill:rowens794,ok,"2025-09-03: 1656 cal, P143/C126/F61"
2026-05-01T20:13:35-04:00,mfp-backfill:rowens794,ok,"2025-09-02: 1875 cal, P160/C126/F64"
2026-05-01T20:13:40-04:00,mfp-backfill:rowens794,ok,"2025-09-01: 1549 cal, P179/C75/F41"
2026-05-01T20:13:45-04:00,mfp-backfill:rowens794,ok,"2025-08-31: 1587 cal, P151/C79/F45"
2026-05-01T20:13:49-04:00,mfp-backfill:rowens794,ok,"2025-08-30: 2878 cal, P157/C189/F94"
2026-05-01T20:13:53-04:00,mfp-backfill:rowens794,ok,"2025-08-29: 1989 cal, P127/C135/F70"
2026-05-01T20:13:58-04:00,mfp-backfill:rowens794,ok,"2025-08-28: 1964 cal, P164/C91/F79"
2026-05-01T20:14:04-04:00,mfp-backfill:rowens794,ok,"2025-08-27: 1714 cal, P88/C167/F53"
2026-05-01T20:14:08-04:00,mfp-backfill:rowens794,ok,"2025-08-26: 1737 cal, P107/C159/F79"
2026-05-01T20:14:12-04:00,mfp-backfill:rowens794,ok,"2025-08-25: 2249 cal, P151/C145/F92"
2026-05-01T20:14:16-04:00,mfp-backfill:rowens794,ok,"2025-08-24: 2350 cal, P104/C179/F63"
2026-05-01T20:14:21-04:00,mfp-backfill:rowens794,ok,"2025-08-23: 2646 cal, P103/C223/F81"
2026-05-01T20:14:25-04:00,mfp-backfill:rowens794,ok,"2025-08-22: 2568 cal, P105/C180/F87"
2026-05-01T20:14:30-04:00,mfp-backfill:rowens794,ok,"2025-08-21: 1715 cal, P143/C103/F64"
2026-05-01T20:14:35-04:00,mfp-backfill:rowens794,ok,"2025-08-20: 2452 cal, P154/C147/F89"
2026-05-01T20:14:40-04:00,mfp-backfill:rowens794,ok,"2025-08-19: 1510 cal, P139/C70/F63"
2026-05-01T20:14:44-04:00,mfp-backfill:rowens794,ok,"2025-08-18: 2478 cal, P110/C188/F84"
2026-05-01T20:14:48-04:00,mfp-backfill:rowens794,ok,"2025-08-17: 1569 cal, P104/C66/F53"
2026-05-01T20:14:53-04:00,mfp-backfill:rowens794,ok,"2025-08-16: 2062 cal, P144/C106/F351"
2026-05-01T20:14:57-04:00,mfp-backfill:rowens794,ok,"2025-08-15: 2627 cal, P124/C221/F93"
2026-05-01T20:15:02-04:00,mfp-backfill:rowens794,ok,"2025-08-14: 1901 cal, P107/C162/F64"
2026-05-01T20:15:07-04:00,mfp-backfill:rowens794,ok,"2025-08-13: 1658 cal, P90/C167/F53"
2026-05-01T20:15:12-04:00,mfp-backfill:rowens794,ok,"2025-08-12: 1311 cal, P109/C70/F48"
2026-05-01T20:15:17-04:00,mfp-backfill:rowens794,ok,"2025-08-11: 1238 cal, P101/C67/F52"
2026-05-01T20:15:21-04:00,mfp-backfill:rowens794,ok,"2025-08-10: 1095 cal, P103/C30/F52"
2026-05-01T20:15:26-04:00,mfp-backfill:rowens794,ok,"2025-08-09: 2474 cal, P114/C170/F89"
2026-05-01T20:15:31-04:00,mfp-backfill:rowens794,ok,"2025-08-08: 1589 cal, P147/C78/F77"
2026-05-01T20:15:36-04:00,mfp-backfill:rowens794,ok,"2025-08-07: 2298 cal, P122/C183/F78"
2026-05-01T20:15:40-04:00,mfp-backfill:rowens794,ok,"2025-08-06: 2118 cal, P108/C150/F81"
2026-05-01T20:15:45-04:00,mfp-backfill:rowens794,ok,"2025-08-05: 2282 cal, P129/C160/F111"
2026-05-01T20:15:49-04:00,mfp-backfill:rowens794,ok,"2025-08-04: 2252 cal, P93/C218/F99"
2026-05-01T20:15:54-04:00,mfp-backfill:rowens794,ok,"2025-08-03: 2251 cal, P98/C204/F114"
2026-05-01T20:15:59-04:00,mfp-backfill:rowens794,ok,"2025-08-02: 1638 cal, P119/C99/F70"
2026-05-01T20:16:03-04:00,mfp-backfill:rowens794,ok,"2025-08-01: 3007 cal, P143/C219/F109"
2026-05-01T20:16:08-04:00,mfp-backfill:rowens794,ok,"2025-07-31: 1972 cal, P117/C132/F94"
2026-05-01T20:16:12-04:00,mfp-backfill:rowens794,ok,"2025-07-30: 1938 cal, P80/C151/F91"
2026-05-01T20:16:17-04:00,mfp-backfill:rowens794,ok,"2025-07-29: 1611 cal, P142/C86/F68"
2026-05-01T20:16:21-04:00,mfp-backfill:rowens794,ok,"2025-07-28: 1379 cal, P115/C80/F47"
2026-05-01T20:16:26-04:00,mfp-backfill:rowens794,ok,"2025-07-27: 2207 cal, P97/C147/F120"
2026-05-01T20:16:30-04:00,mfp-backfill:rowens794,ok,"2025-07-26: 1408 cal, P92/C114/F66"
2026-05-01T20:16:35-04:00,mfp-backfill:rowens794,ok,"2025-07-25: 1754 cal, P125/C106/F72"
2026-05-01T20:16:39-04:00,mfp-backfill:rowens794,ok,"2025-07-24: 1965 cal, P113/C150/F86"
2026-05-01T20:16:43-04:00,mfp-backfill:rowens794,ok,"2025-07-23: 1981 cal, P60/C211/F74"
2026-05-01T20:16:48-04:00,mfp-backfill:rowens794,ok,"2025-07-22: 2235 cal, P105/C227/F72"
2026-05-01T20:16:52-04:00,mfp-backfill:rowens794,ok,"2025-07-21: 1803 cal, P95/C199/F38"
2026-05-01T20:16:57-04:00,mfp-backfill:rowens794,ok,"2025-07-20: 2150 cal, P104/C283/F53"
2026-05-01T20:17:02-04:00,mfp-backfill:rowens794,ok,"2025-07-19: 2114 cal, P184/C149/F61"
2026-05-01T20:17:07-04:00,mfp-backfill:rowens794,ok,"2025-07-18: 1752 cal, P182/C109/F57"
2026-05-01T20:17:11-04:00,mfp-backfill:rowens794,ok,"2025-07-17: 985 cal, P124/C49/F26"
2026-05-01T20:17:17-04:00,mfp-backfill:rowens794,ok,"2025-07-16: 2091 cal, P154/C144/F67"
2026-05-01T20:17:21-04:00,mfp-backfill:rowens794,ok,"2025-07-15: 1429 cal, P47/C151/F53"
2026-05-01T20:17:25-04:00,mfp-backfill:rowens794,ok,"2025-07-14: 2318 cal, P75/C309/F75"
2026-05-01T20:17:30-04:00,mfp-backfill:rowens794,ok,"2025-07-13: 2147 cal, P58/C124/F54"
2026-05-01T20:17:35-04:00,mfp-backfill:rowens794,ok,"2025-07-12: 2887 cal, P108/C228/F117"
2026-05-01T20:17:40-04:00,mfp-backfill:rowens794,ok,"2025-07-11: 1439 cal, P125/C183/F25"
2026-05-01T20:17:45-04:00,mfp-backfill:rowens794,ok,"2025-07-10: 1292 cal, P111/C142/F26"
2026-05-01T20:17:49-04:00,mfp-backfill:rowens794,ok,"2025-07-09: 1794 cal, P119/C197/F43"
2026-05-01T20:17:53-04:00,mfp-backfill:rowens794,ok,"2025-07-08: 2400 cal, P105/C285/F62"
2026-05-01T20:17:58-04:00,mfp-backfill:rowens794,ok,"2025-07-07: 1949 cal, P134/C204/F38"
2026-05-01T20:18:04-04:00,mfp-backfill:rowens794,ok,"2025-07-06: 1553 cal, P122/C118/F44"
2026-05-01T20:18:08-04:00,mfp-backfill:rowens794,ok,"2025-07-05: 2124 cal, P77/C234/F80"
2026-05-01T20:18:12-04:00,mfp-backfill:rowens794,ok,"2025-07-04: 2936 cal, P146/C260/F76"
2026-05-01T20:18:18-04:00,mfp-backfill:rowens794,ok,"2025-07-03: 2669 cal, P188/C317/F46"
2026-05-01T20:18:23-04:00,mfp-backfill:rowens794,ok,"2025-07-02: 1459 cal, P129/C175/F25"
2026-05-01T20:18:27-04:00,mfp-backfill:rowens794,ok,"2025-07-01: 1909 cal, P99/C250/F40"
2026-05-01T20:18:32-04:00,mfp-backfill:rowens794,ok,"2025-06-30: 2039 cal, P75/C248/F71"
2026-05-01T20:18:37-04:00,mfp-backfill:rowens794,ok,"2025-06-29: 1896 cal, P137/C128/F70"
2026-05-01T20:18:41-04:00,mfp-backfill:rowens794,ok,"2025-06-28: 2995 cal, P172/C239/F114"
2026-05-01T20:18:48-04:00,mfp-backfill:rowens794,ok,"2025-06-27: 2164 cal, P125/C202/F79"
2026-05-01T20:18:54-04:00,mfp-backfill:rowens794,ok,"2025-06-26: 1780 cal, P113/C190/F66"
2026-05-01T20:18:58-04:00,mfp-backfill:rowens794,ok,"2025-06-25: 2573 cal, P145/C259/F89"
2026-05-01T20:19:03-04:00,mfp-backfill:rowens794,ok,"2025-06-24: 1814 cal, P120/C179/F45"
2026-05-01T20:19:07-04:00,mfp-backfill:rowens794,ok,"2025-06-23: 1767 cal, P101/C203/F60"
2026-05-01T20:19:11-04:00,mfp-backfill:rowens794,ok,"2025-06-22: 1883 cal, P51/C218/F56"
2026-05-01T20:19:17-04:00,mfp-backfill:rowens794,ok,"2025-06-21: 0 cal, P0/C0/F0"
2026-05-01T20:19:21-04:00,mfp-backfill:rowens794,ok,"2025-06-20: 0 cal, P0/C0/F0"
2026-05-01T20:19:26-04:00,mfp-backfill:rowens794,ok,"2025-06-19: 0 cal, P0/C0/F0"
2026-05-01T20:19:30-04:00,mfp-backfill:rowens794,ok,"2025-06-18: 0 cal, P0/C0/F0"
2026-05-01T20:19:34-04:00,mfp-backfill:rowens794,ok,"2025-06-17: 0 cal, P0/C0/F0"
2026-05-01T20:19:39-04:00,mfp-backfill:rowens794,ok,"2025-06-16: 0 cal, P0/C0/F0"
2026-05-01T20:19:43-04:00,mfp-backfill:rowens794,ok,"2025-06-15: 0 cal, P0/C0/F0"
2026-05-01T20:19:49-04:00,mfp-backfill:rowens794,ok,"2025-06-14: 0 cal, P0/C0/F0"
2026-05-01T20:19:53-04:00,mfp-backfill:rowens794,ok,"2025-06-13: 0 cal, P0/C0/F0"
2026-05-01T20:19:58-04:00,mfp-backfill:rowens794,ok,"2025-06-12: 0 cal, P0/C0/F0"
2026-05-01T20:20:02-04:00,mfp-backfill:rowens794,ok,"2025-06-11: 0 cal, P0/C0/F0"
2026-05-01T20:20:07-04:00,mfp-backfill:rowens794,ok,"2025-06-10: 0 cal, P0/C0/F0"
2026-05-01T20:20:12-04:00,mfp-backfill:rowens794,ok,"2025-06-09: 0 cal, P0/C0/F0"
2026-05-01T20:20:17-04:00,mfp-backfill:rowens794,ok,"2025-06-08: 0 cal, P0/C0/F0"
2026-05-01T20:20:21-04:00,mfp-backfill:rowens794,ok,"2025-06-07: 0 cal, P0/C0/F0"
2026-05-01T20:20:26-04:00,mfp-backfill:rowens794,ok,"2025-06-06: 0 cal, P0/C0/F0"
2026-05-01T20:20:32-04:00,mfp-backfill:rowens794,ok,"2025-06-05: 0 cal, P0/C0/F0"
2026-05-01T20:20:36-04:00,mfp-backfill:rowens794,ok,"2025-06-04: 0 cal, P0/C0/F0"
2026-05-01T20:20:41-04:00,mfp-backfill:rowens794,ok,"2025-06-03: 0 cal, P0/C0/F0"
2026-05-01T20:20:46-04:00,mfp-backfill:rowens794,ok,"2025-06-02: 0 cal, P0/C0/F0"
2026-05-01T20:20:50-04:00,mfp-backfill:rowens794,ok,"2025-06-01: 0 cal, P0/C0/F0"
2026-05-01T20:22:59-04:00,renpho:cloud-cache,ok,imported 223 daily weights from 694 RENPHO measurements
